Model,Accuracy,ROC-AUC,Training Time (s)
Random Forest,0.7677430801987225,0.9714093051680917,2.7316763401031494
XGBoost,0.8024308019872249,0.9720070482675175,1.2914445400238037
Neural Network,0.7897001419446416,0.9644294208444991,6.846273183822632
