Model,Accuracy,ROC-AUC,Training Time (s)
Random Forest,0.7677430801987225,0.9714093051680915,2.0826969146728516
XGBoost,0.8024308019872249,0.9720070482675175,1.312241792678833
Neural Network,0.790542938254081,0.9520246837812901,6.1889965534210205
